City_ID,City,Country,Date,Lat,Lng,Max Temp,Humidity,Cloudiness,Wind Speed
0,Fenoarivo,MG,2022-10-21 00:06:21,-18.933,47.4354,59.07,82,75,10.36
1,Barrow,US,2022-10-21 00:06:21,71.2906,-156.7887,28.42,86,100,24.16
2,Hilo,US,2022-10-21 00:06:22,19.7297,-155.09,88.29,73,20,17.27
3,Severobaykalsk,RU,2022-10-21 00:06:22,55.65,109.3167,29.86,72,56,3.04
4,Bambous Virieux,MU,2022-10-21 00:06:22,-20.3428,57.7575,71.22,80,16,9.78
5,Ushuaia,AR,2022-10-21 00:06:23,-54.8,-68.3,44.22,56,20,24.16
6,Mar Del Plata,AR,2022-10-21 00:06:00,-38.0023,-57.5575,60.94,92,100,5.99
7,Washougal,US,2022-10-21 00:06:06,45.5826,-122.3534,71.4,70,20,1.01
8,Haines Junction,CA,2022-10-21 00:06:24,60.7522,-137.5108,38.41,86,100,3.56
9,Qaanaaq,GL,2022-10-21 00:06:24,77.484,-69.3632,0.63,67,20,11.81
10,Port Macquarie,AU,2022-10-21 00:04:06,-31.4333,152.9167,72.03,73,99,14.47
11,Marzuq,YE,2022-10-21 00:06:24,14.4,46.4667,65.86,41,0,0.63
12,Bluff,NZ,2022-10-21 00:06:25,-46.6,168.3333,48.87,50,63,11.18
13,Longyearbyen,SJ,2022-10-21 00:06:25,78.2186,15.6401,17.44,73,0,9.22
14,Puerto Leguizamo,CO,2022-10-21 00:06:25,-0.1934,-74.7819,74.41,88,65,2.08
15,Airai,TL,2022-10-21 00:06:26,-8.9266,125.4092,70.48,67,75,1.43
16,Albany,US,2022-10-21 00:03:12,42.6001,-73.9662,47.62,61,33,4.47
17,Fairbanks,US,2022-10-21 00:06:27,64.8378,-147.7164,39.81,89,100,5.75
18,Avarua,CK,2022-10-21 00:06:27,-21.2078,-159.775,80.65,69,75,10.36
19,Jamestown,US,2022-10-21 00:06:27,42.097,-79.2353,40.59,71,100,6.91
20,Ornskoldsvik,SE,2022-10-21 00:02:01,63.2909,18.7153,38.35,93,75,3.44
21,Puerto Ayora,EC,2022-10-21 00:06:28,-0.7393,-90.3518,68.56,88,74,4.0
22,Lander,US,2022-10-21 00:03:39,42.833,-108.7307,70.61,11,0,9.22
23,Salalah,OM,2022-10-21 00:06:28,17.0151,54.0924,75.29,78,0,3.44
24,Lubumbashi,CD,2022-10-21 00:06:29,-11.6609,27.4794,66.81,46,91,4.56
25,Mitsamiouli,KM,2022-10-21 00:06:29,-11.3847,43.2844,75.51,76,80,12.3
26,Ixtapa,MX,2022-10-21 00:06:29,20.7,-105.2,85.23,79,75,8.05
27,Atuona,PF,2022-10-21 00:06:30,-9.8,-139.0333,77.04,68,23,15.93
28,Fortuna,US,2022-10-21 00:06:30,40.5982,-124.1573,54.99,87,100,4.61
29,Dikson,RU,2022-10-21 00:06:31,73.5069,80.5464,32.16,98,100,17.76
30,Rikitea,PF,2022-10-21 00:04:59,-23.1203,-134.9692,70.63,72,84,22.12
31,Bohuslav,UA,2022-10-21 00:06:31,49.5494,30.8744,39.56,86,99,9.33
32,Padang,ID,2022-10-21 00:06:31,-0.9492,100.3543,71.65,81,100,1.43
33,Arraial Do Cabo,BR,2022-10-21 00:03:57,-22.9661,-42.0278,73.26,86,22,27.98
34,Jishou,CN,2022-10-21 00:04:15,28.3167,109.7167,60.91,87,100,1.63
35,Cabo San Lucas,MX,2022-10-21 00:06:32,22.8909,-109.9124,86.61,77,10,11.41
36,Chipata,ZM,2022-10-21 00:06:32,-13.6333,32.65,67.87,54,41,7.16
37,Clyde River,CA,2022-10-21 00:06:33,70.4692,-68.5914,17.83,73,100,12.66
38,Guerrero Negro,MX,2022-10-21 00:06:33,27.9769,-114.0611,75.07,71,3,11.59
39,Reconquista,AR,2022-10-21 00:06:33,-29.15,-59.65,63.28,89,39,6.17
40,Coquimbo,CL,2022-10-21 00:06:34,-29.9533,-71.3436,55.13,94,40,5.75
41,Port-Cartier,CA,2022-10-21 00:06:34,50.0334,-66.8654,44.74,77,20,9.6
42,Carnarvon,AU,2022-10-21 00:07:34,-24.8667,113.6333,67.01,69,7,9.48
43,Yellowknife,CA,2022-10-21 00:04:21,62.456,-114.3525,36.12,100,75,12.66
44,Beidao,CN,2022-10-21 00:07:35,34.5686,105.8933,55.8,76,48,1.23
45,Bethel,US,2022-10-21 00:07:35,41.3712,-73.414,55.71,66,0,3.44
46,Saint George,US,2022-10-21 00:05:30,37.1041,-113.5841,82.94,18,0,4.61
47,Mehamn,NO,2022-10-21 00:07:36,71.0357,27.8492,39.11,70,40,16.11
48,Camana,PE,2022-10-21 00:07:36,-16.6228,-72.7111,62.37,79,72,7.58
49,Mataura,NZ,2022-10-21 00:07:36,-46.1927,168.8643,51.75,40,76,6.87
50,Saskylakh,RU,2022-10-21 00:07:37,71.9167,114.0833,10.27,97,93,5.37
51,Mascota,MX,2022-10-21 00:04:24,20.5167,-104.7833,71.31,89,55,4.0
52,Tasiilaq,GL,2022-10-21 00:07:37,65.6145,-37.6368,35.76,96,99,4.52
53,Mahebourg,MU,2022-10-21 00:07:38,-20.4081,57.7,71.26,81,14,9.73
54,Kapaa,US,2022-10-21 00:04:11,22.0752,-159.319,80.58,77,100,9.22
55,Hermanus,ZA,2022-10-21 00:07:38,-34.4187,19.2345,56.5,86,70,9.46
56,Kodiak,US,2022-10-21 00:07:39,57.79,-152.4072,51.31,46,0,16.11
57,Saldanha,ZA,2022-10-21 00:05:21,-33.0117,17.9442,59.59,83,59,20.49
58,Khatanga,RU,2022-10-21 00:07:39,71.9667,102.5,9.07,93,67,5.14
59,Blagoyevo,RU,2022-10-21 00:07:39,63.3667,47.9167,30.96,69,95,11.95
60,Cape Town,ZA,2022-10-21 00:05:04,-33.9258,18.4232,60.89,81,72,5.01
61,Coihaique,CL,2022-10-21 00:07:40,-45.5752,-72.0662,42.75,61,0,2.3
62,Ribeira Grande,PT,2022-10-21 00:07:40,38.5167,-28.7,66.15,68,15,14.79
63,Diamantino,BR,2022-10-21 00:07:40,-14.4086,-56.4461,80.19,61,85,4.12
64,La Ronge,CA,2022-10-21 00:07:41,55.1001,-105.2842,53.19,42,94,15.5
65,Grand-Santi,GF,2022-10-21 00:07:41,4.25,-54.3833,77.54,80,100,2.39
66,Bredasdorp,ZA,2022-10-21 00:07:42,-34.5322,20.0403,55.06,86,91,5.03
67,Rawson,AR,2022-10-21 00:07:28,-43.3002,-65.1023,48.49,63,55,20.02
68,Punta Arenas,CL,2022-10-21 00:07:42,-53.15,-70.9167,42.91,61,0,36.82
69,Pochutla,MX,2022-10-21 00:07:42,15.7432,-96.4661,80.82,86,80,2.8
70,Cabadiangan,PH,2022-10-21 00:07:43,9.7531,122.4739,82.72,78,98,1.39
71,Buraydah,SA,2022-10-21 00:07:43,26.326,43.975,73.2,15,0,7.05
72,Busselton,AU,2022-10-21 00:07:43,-33.65,115.3333,59.36,71,65,6.51
73,Mugur-Aksy,RU,2022-10-21 00:07:44,50.35,90.5,24.64,79,100,6.38
74,Hofn,IS,2022-10-21 00:07:44,64.2539,-15.2082,42.28,75,100,14.07
75,Ulladulla,AU,2022-10-21 00:07:44,-35.35,150.4667,70.7,97,100,6.38
76,Vaini,TO,2022-10-21 00:07:45,-21.2,-175.2,74.05,81,91,15.95
77,Tuktoyaktuk,CA,2022-10-21 00:07:45,69.4541,-133.0374,24.87,90,100,10.42
78,Lodwar,KE,2022-10-21 00:07:45,3.1191,35.5973,83.82,43,92,21.83
79,Hithadhoo,MV,2022-10-21 00:07:46,-0.6,73.0833,81.21,77,100,10.45
80,Sao Pedro Do Sul,BR,2022-10-21 00:07:46,-29.6206,-54.1789,65.75,96,100,7.0
81,Antofagasta,CL,2022-10-21 00:05:25,-23.65,-70.4,60.08,81,39,5.73
82,Butaritari,KI,2022-10-21 00:07:47,3.0707,172.7902,81.05,74,22,9.86
83,Tocopilla,CL,2022-10-21 00:07:47,-22.092,-70.1979,62.98,68,25,8.28
84,Chuy,UY,2022-10-21 00:08:47,-33.6971,-53.4616,59.74,92,100,5.77
85,Oussouye,SN,2022-10-21 00:08:48,12.485,-16.5469,77.68,79,35,0.76
86,Hamilton,US,2022-10-21 00:05:47,39.1834,-84.5333,51.78,41,0,6.91
87,Quatre Cocos,MU,2022-10-21 00:08:48,-20.2078,57.7625,71.1,81,18,10.13
88,Yulara,AU,2022-10-21 00:08:49,-25.2406,130.9889,78.8,26,0,5.17
89,Cayenne,GF,2022-10-21 00:08:49,4.9333,-52.3333,78.84,89,20,0.0
90,Upernavik,GL,2022-10-21 00:08:49,72.7868,-56.1549,17.53,70,98,6.4
91,Balikpapan,ID,2022-10-21 00:08:50,-1.2675,116.8289,81.59,94,20,4.61
92,Westport,US,2022-10-21 00:08:35,41.1415,-73.3579,58.82,61,0,20.71
93,Labrea,BR,2022-10-21 00:08:50,-7.2586,-64.7981,74.19,96,89,2.04
94,Saryozek,KZ,2022-10-21 00:08:50,44.3583,77.9753,41.18,59,22,5.48
95,Tuatapere,NZ,2022-10-21 00:08:51,-46.1333,167.6833,49.59,51,98,6.49
96,Ilulissat,GL,2022-10-21 00:08:51,69.2167,-51.1,26.62,63,100,6.91
97,Ancud,CL,2022-10-21 00:08:52,-41.8697,-73.8203,43.23,84,38,8.57
98,Pinsk,BY,2022-10-21 00:08:52,52.1229,26.0951,41.83,71,77,4.92
99,Souillac,MU,2022-10-21 00:08:52,-20.5167,57.5167,69.12,85,13,9.37
100,Margate,GB,2022-10-21 00:08:53,51.3813,1.3862,58.89,94,31,1.01
101,Pisco,PE,2022-10-21 00:08:53,-13.7,-76.2167,62.02,82,0,13.8
102,Cacapava,BR,2022-10-21 00:08:53,-23.1008,-45.7069,67.21,89,57,3.8
103,Namatanai,PG,2022-10-21 00:08:54,-3.6667,152.4333,85.87,64,39,1.14
104,New Norfolk,AU,2022-10-21 00:08:54,-42.7826,147.0587,65.71,44,37,4.45
105,Kedrovyy,RU,2022-10-21 00:08:54,56.1667,91.8167,36.01,97,100,9.62
106,Moerai,PF,2022-10-21 00:08:55,-22.4333,-151.3333,73.42,83,84,21.0
107,Kanigoro,ID,2022-10-21 00:08:55,-8.13,112.219,77.07,88,100,0.98
108,Sri Aman,MY,2022-10-21 00:08:56,1.2376,111.4621,76.01,94,99,0.87
109,Young,UY,2022-10-21 00:08:56,-32.6833,-57.6333,61.81,97,100,4.07
110,Hasaki,JP,2022-10-21 00:08:56,35.7333,140.8333,59.4,54,0,9.69
111,Chokurdakh,RU,2022-10-21 00:08:57,70.6333,147.9167,13.59,93,100,18.63
112,Mengcheng,CN,2022-10-21 00:08:57,33.2579,116.5655,60.69,68,100,4.32
113,Richards Bay,ZA,2022-10-21 00:08:58,-28.783,32.0377,71.4,91,69,10.89
114,Inhambane,MZ,2022-10-21 00:08:58,-23.865,35.3833,71.19,85,2,5.64
115,Severo-Kurilsk,RU,2022-10-21 00:08:58,50.6789,156.125,44.71,71,99,11.41
116,Dubbo,AU,2022-10-21 00:08:59,-32.25,148.6167,70.81,78,74,15.03
117,Barinas,VE,2022-10-21 00:08:59,8.6226,-70.2075,80.51,67,91,1.36
118,Codrington,AU,2022-10-21 00:08:59,-38.2667,141.9667,62.56,95,99,5.39
119,Douentza,ML,2022-10-21 00:09:00,14.9951,-2.9517,85.1,20,28,3.65
120,Meulaboh,ID,2022-10-21 00:09:00,4.1363,96.1285,74.71,95,100,5.77
121,Yamada,JP,2022-10-21 00:09:00,39.4667,141.95,62.71,61,8,3.02
122,Gat,IL,2022-10-21 00:05:25,31.61,34.7642,72.39,100,72,6.26
123,Assiniboia,CA,2022-10-21 00:09:01,49.6334,-105.9845,57.4,31,97,16.93
124,The Pas,CA,2022-10-21 00:04:22,53.8251,-101.2541,52.84,66,100,13.73
125,Norman Wells,CA,2022-10-21 00:09:01,65.282,-126.8329,28.44,80,75,11.5
126,Faanui,PF,2022-10-21 00:09:02,-16.4833,-151.75,79.25,75,55,13.31
127,Parakai,NZ,2022-10-21 00:09:02,-36.65,174.4333,65.25,65,31,9.51
128,Bud,US,2022-10-21 00:09:02,39.447,-86.1758,53.67,46,20,8.57
129,Les Escoumins,CA,2022-10-21 00:09:03,48.1111,-69.0236,38.34,84,81,13.96
130,Malanje,AO,2022-10-21 00:10:03,-9.5402,16.341,66.24,92,98,3.02
131,Vagur,FO,2022-10-21 00:10:03,61.4732,-6.8119,49.32,86,100,25.03
132,Talnakh,RU,2022-10-21 00:10:04,69.4865,88.3972,34.21,98,100,17.25
133,Cairns,AU,2022-10-21 00:10:04,-16.9167,145.7667,84.11,88,100,4.61
134,Mumford,GH,2022-10-21 00:10:05,5.2618,-0.759,78.06,86,72,8.9
135,Kieta,PG,2022-10-21 00:10:05,-6.2167,155.6333,85.05,71,48,5.17
136,Aldan,RU,2022-10-21 00:10:05,58.6031,125.3894,24.48,96,100,5.93
137,Beloha,MG,2022-10-21 00:10:06,-25.1667,45.05,72.39,66,1,5.7
138,Husavik,IS,2022-10-21 00:10:06,66.0449,-17.3389,34.47,84,87,2.53
139,Impfondo,CG,2022-10-21 00:10:07,1.6381,18.0667,70.21,99,100,1.61
140,Viedma,AR,2022-10-21 00:10:07,-40.8135,-62.9967,55.83,64,89,14.97
141,Almaznyy,RU,2022-10-21 00:10:07,48.0448,40.045,41.7,92,90,25.84
142,Nyrob,RU,2022-10-21 00:10:08,60.733,56.7202,30.22,84,89,10.38
143,Baherden,TM,2022-10-21 00:10:08,38.4362,57.4316,74.28,23,80,6.62
144,Ayr,GB,2022-10-21 00:10:08,55.4627,-4.6339,52.32,93,75,2.3
145,Chumikan,RU,2022-10-21 00:10:09,54.7183,135.315,33.04,67,8,12.73
146,Vestmannaeyjar,IS,2022-10-21 00:10:09,63.4427,-20.2734,43.25,73,96,11.52
147,Saint-Philippe,RE,2022-10-21 00:10:10,-21.3585,55.7679,67.59,82,55,9.42
148,Nikolskoye,RU,2022-10-21 00:10:10,59.7035,30.7861,42.69,96,84,3.67
149,Orito,CO,2022-10-21 00:10:10,0.6766,-76.8771,73.6,94,92,2.17
150,East London,ZA,2022-10-21 00:10:11,-33.0153,27.9116,65.7,81,75,3.69
151,Sechura,PE,2022-10-21 00:10:11,-5.5569,-80.8222,63.99,75,81,18.41
152,Portland,US,2022-10-21 00:08:39,45.5234,-122.6762,71.56,68,40,5.75
153,Pevek,RU,2022-10-21 00:10:12,69.7008,170.3133,20.57,92,100,2.91
154,Ilheus,BR,2022-10-21 00:10:12,-14.7889,-39.0494,72.54,86,53,4.94
155,Cidreira,BR,2022-10-21 00:10:12,-30.1811,-50.2056,66.9,95,100,12.01
156,Cherskiy,RU,2022-10-21 00:10:13,68.75,161.3,15.03,91,97,9.46
157,Port Elizabeth,ZA,2022-10-21 00:10:13,-33.918,25.5701,56.1,83,12,3.8
158,Fukue,JP,2022-10-21 00:10:14,32.6881,128.8419,68.13,62,26,6.8
159,Laguna,US,2022-10-21 00:10:14,38.421,-121.4238,91.11,27,0,8.05
160,Galle,LK,2022-10-21 00:10:14,6.0367,80.217,77.22,90,100,11.65
161,Victoria,HK,2022-10-21 00:07:35,22.2855,114.1577,77.25,75,93,4.0
162,Saint-Joseph,RE,2022-10-21 00:10:15,-21.3667,55.6167,66.58,78,60,9.98
163,Zhigansk,RU,2022-10-21 00:10:15,66.7697,123.3711,14.43,97,96,6.91
164,Ino,JP,2022-10-21 00:10:16,33.55,133.4333,66.42,61,7,0.83
165,Trelew,AR,2022-10-21 00:10:16,-43.249,-65.3051,48.4,58,46,18.75
166,Maragogi,BR,2022-10-21 00:10:16,-9.0122,-35.2225,74.77,77,17,8.86
167,Upata,VE,2022-10-21 00:10:17,8.0086,-62.3989,80.19,75,88,4.32
168,Wasilla,US,2022-10-21 00:10:17,61.5814,-149.4394,41.95,95,100,12.66
169,Goundam,ML,2022-10-21 00:10:17,16.4145,-3.6708,88.99,17,100,9.95
170,Ilebo,CD,2022-10-21 00:10:18,-4.3167,20.5833,68.09,99,92,2.19
171,Katsuura,JP,2022-10-21 00:10:18,35.1333,140.3,67.53,56,0,7.36
172,Leningradskiy,RU,2022-10-21 00:10:19,69.3833,178.4167,30.52,98,100,3.91
173,Kahului,US,2022-10-21 00:08:40,20.8947,-156.47,84.85,67,40,10.36
174,Popondetta,PG,2022-10-21 00:10:19,-8.7537,148.2534,86.16,67,71,3.87
175,Lata,PT,2022-10-21 00:10:19,40.1629,-8.3327,62.82,96,100,5.01
176,Aswan,EG,2022-10-21 00:10:20,24.0934,32.907,77.85,42,5,15.28
177,Minsk,BY,2022-10-21 00:11:21,53.9,27.5667,40.75,75,100,6.35
178,Omboue,GA,2022-10-21 00:11:21,-1.5746,9.2618,75.7,89,92,6.33
179,Kalmunai,LK,2022-10-21 00:11:22,7.4167,81.8167,76.08,92,100,5.44
180,Iquitos,PE,2022-10-21 00:11:22,-3.7481,-73.2472,77.04,88,40,0.0
181,Lompoc,US,2022-10-21 00:11:12,34.6391,-120.4579,87.94,65,0,11.5
182,Havoysund,NO,2022-10-21 00:11:22,70.9963,24.6622,34.03,57,89,4.07
183,Am Timan,TD,2022-10-21 00:11:23,11.0297,20.2827,75.78,53,35,3.29
184,Tiksi,RU,2022-10-21 00:11:23,71.6872,128.8694,1.83,94,26,9.6
185,Valdosta,US,2022-10-21 00:11:24,30.8327,-83.2785,55.42,62,0,0.0
186,Quelimane,MZ,2022-10-21 00:11:24,-17.8786,36.8883,74.66,92,23,4.59
187,Kavieng,PG,2022-10-21 00:11:25,-2.5744,150.7967,83.93,70,78,6.35
188,Calvinia,ZA,2022-10-21 00:11:25,-31.4707,19.776,66.83,26,100,5.12
189,Constitucion,CL,2022-10-21 00:11:26,-35.3333,-72.4167,53.04,82,38,13.0
190,Ambon,ID,2022-10-21 00:11:26,-3.6954,128.1814,82.54,78,20,3.44
191,Ketchikan,US,2022-10-21 00:11:26,55.3422,-131.6461,48.67,93,100,5.75
192,Brooks,CA,2022-10-21 00:11:27,50.5834,-111.8851,48.04,53,90,7.81
193,Halifax,CA,2022-10-21 00:10:47,44.6453,-63.5724,54.45,77,1,1.99
194,Tizimin,MX,2022-10-21 00:11:27,21.15,-88.15,71.4,78,84,5.21
195,Hobart,AU,2022-10-21 00:11:28,-42.8794,147.3294,66.06,65,40,12.66
196,Illela,NG,2022-10-21 00:11:28,13.7292,5.2975,82.63,22,28,8.28
197,Georgetown,MY,2022-10-21 00:07:00,5.4112,100.3354,84.24,80,20,0.0
198,Eydhafushi,MV,2022-10-21 00:11:28,5.1033,73.0708,81.32,76,100,14.25
199,Ambilobe,MG,2022-10-21 00:11:29,-13.2,49.05,65.14,75,2,4.25
200,Castro,BR,2022-10-21 00:11:29,-24.7911,-50.0119,59.7,97,100,1.12
201,San Patricio,US,2022-10-21 00:11:30,28.017,-97.5169,75.54,42,1,10.56
202,Hami,CN,2022-10-21 00:11:30,42.8,93.45,45.77,40,5,9.42
203,Isangel,VU,2022-10-21 00:07:48,-19.55,169.2667,78.93,59,74,13.82
204,Belozerskoye,RU,2022-10-21 00:11:30,55.8214,65.5842,33.22,85,18,5.64
205,Vardo,NO,2022-10-21 00:11:31,70.3705,31.1107,35.58,80,77,20.71
206,Genhe,CN,2022-10-21 00:11:31,50.7833,121.5167,32.23,90,100,4.03
207,Courtenay,CA,2022-10-21 00:11:32,49.6866,-124.9936,65.01,43,63,6.89
208,Kulhudhuffushi,MV,2022-10-21 00:11:32,6.6221,73.07,81.03,79,70,14.61
209,Tessalit,ML,2022-10-21 00:11:32,20.1986,1.0114,79.34,18,77,8.61
210,Tshane,BW,2022-10-21 00:11:33,-24.0196,21.8684,71.91,35,4,10.13
211,Port Alfred,ZA,2022-10-21 00:11:33,-33.5906,26.891,61.18,96,76,1.01
212,Talakan,RU,2022-10-21 00:07:01,50.3167,130.3667,38.95,69,100,3.02
213,Spornoye,RU,2022-10-21 00:11:33,50.8448,37.2913,41.22,81,86,14.54
214,Bongandanga,CD,2022-10-21 00:11:34,1.5,21.05,69.49,99,100,2.55
215,Yurimaguas,PE,2022-10-21 00:11:34,-5.9,-76.0833,76.41,89,92,1.99
216,Ndele,CF,2022-10-21 00:11:35,8.4109,20.6473,72.19,87,100,3.29
217,Coro,VE,2022-10-21 00:11:35,11.4045,-69.6734,80.04,84,28,12.21
218,Rio Gallegos,AR,2022-10-21 00:11:35,-51.6226,-69.2181,42.06,56,63,28.66
219,Cockburn Town,TC,2022-10-21 00:11:36,21.4612,-71.1419,83.03,76,14,13.78
220,Nalut,LY,2022-10-21 00:11:36,30.3333,10.85,64.36,50,0,8.23
221,Geraldton,AU,2022-10-21 00:11:36,-28.7667,114.6,65.26,78,42,11.72
222,Ponferrada,ES,2022-10-21 00:10:14,42.5466,-6.5962,50.27,99,15,2.95
223,Nome,US,2022-10-21 00:11:37,64.5011,-165.4064,39.27,87,75,10.36
224,Praia Da Vitoria,PT,2022-10-21 00:11:37,38.7333,-27.0667,60.76,87,17,15.32
225,Port-Gentil,GA,2022-10-21 00:11:38,-0.7193,8.7815,77.99,85,99,12.3
226,Helong,CN,2022-10-21 00:11:38,42.5397,128.9972,54.25,49,100,6.42
227,Mani,CO,2022-10-21 00:12:38,4.8172,-72.2886,76.06,89,100,4.16
228,Lubango,AO,2022-10-21 00:12:39,-14.9172,13.4925,65.21,57,91,1.12
229,Kamenka,RU,2022-10-21 00:12:40,51.3223,42.7678,42.08,80,100,20.02
230,San Juan Nepomuceno,CO,2022-10-21 00:12:40,9.9516,-75.082,75.4,92,100,2.06
231,Ponta Do Sol,PT,2022-10-21 00:12:40,32.6667,-17.1,72.72,86,98,4.18
232,Makokou,GA,2022-10-21 00:12:41,0.5738,12.8642,68.81,100,100,1.63
233,Iralaya,HN,2022-10-21 00:12:41,15.0,-83.2333,79.39,82,45,5.77
234,Port Blair,IN,2022-10-21 00:12:42,11.6667,92.75,80.87,78,39,11.25
235,Kupang,ID,2022-10-21 00:12:42,-10.1667,123.5833,85.21,69,64,4.54
236,Nyurba,RU,2022-10-21 00:12:42,63.2842,118.3319,21.49,95,87,5.73
237,Santa Maria,BR,2022-10-21 00:09:33,-29.6842,-53.8069,65.71,96,100,4.79
238,Arlit,NE,2022-10-21 00:12:43,18.7369,7.3853,77.99,21,1,13.76
239,Esperance,AU,2022-10-21 00:12:43,-33.8667,121.9,60.26,79,100,6.29
240,Ha Tinh,VN,2022-10-21 00:08:14,18.3333,105.9,67.39,92,100,6.35
241,Kanye,BW,2022-10-21 00:12:44,-24.9667,25.3327,68.59,35,37,4.63
242,Tilichiki,RU,2022-10-21 00:12:44,60.4667,166.1,22.51,76,62,4.36
243,Vila Velha,BR,2022-10-21 00:12:45,-20.3297,-40.2925,74.95,86,42,5.99
244,Filadelfia,US,2022-10-21 00:08:56,39.9523,-75.1638,52.75,53,0,0.0
245,Ostrovnoy,RU,2022-10-21 00:12:45,68.0531,39.5131,37.63,68,97,32.84
246,Muros,ES,2022-10-21 00:12:46,42.7762,-9.0603,63.84,80,6,22.62
247,Whitehorse,CA,2022-10-21 00:12:46,60.7161,-135.0538,45.01,57,98,1.01
248,Liberal,US,2022-10-21 00:12:46,37.0431,-100.921,72.64,17,0,6.91
249,Sao Filipe,CV,2022-10-21 00:12:47,14.8961,-24.4956,78.01,81,20,4.34
250,Anadyr,RU,2022-10-21 00:12:47,64.75,177.4833,37.9,87,20,6.71
251,Serta,PT,2022-10-21 00:12:47,39.8085,-8.0988,60.94,96,100,4.59
252,Luderitz,NA,2022-10-21 00:12:48,-26.6481,15.1594,61.02,78,99,18.99
253,Powell,US,2022-10-21 00:12:48,40.1578,-83.0752,48.67,37,100,8.05
254,Alofi,NU,2022-10-21 00:12:48,-19.0595,-169.9187,77.77,79,74,6.98
255,Shimoda,JP,2022-10-21 00:12:49,34.6667,138.95,70.11,58,0,4.97
256,Gloucester,GB,2022-10-21 00:12:49,51.8657,-2.2431,55.06,87,68,3.0
257,Port Lincoln,AU,2022-10-21 00:12:49,-34.7333,135.8667,65.53,62,37,5.73
258,Garowe,SO,2022-10-21 00:12:50,8.4054,48.4845,75.11,76,32,8.16
259,Muswellbrook,AU,2022-10-21 00:12:50,-32.2667,150.9,66.33,90,100,2.13
260,Blackwater,AU,2022-10-21 00:12:51,-23.5833,148.8833,75.29,77,96,9.31
261,Siderno,IT,2022-10-21 00:12:51,38.2779,16.302,61.34,77,0,4.83
262,Camacha,PT,2022-10-21 00:12:52,33.0833,-16.3333,67.42,94,40,4.61
263,Ahipara,NZ,2022-10-21 00:12:52,-35.1667,173.1667,62.98,58,11,10.07
264,Bhongir,IN,2022-10-21 00:12:52,17.5108,78.8889,70.21,92,6,2.19
265,Nuevo Progreso,MX,2022-10-21 00:12:53,23.1667,-97.95,73.47,54,46,4.38
266,Tala,EG,2022-10-21 00:12:53,30.6803,30.9429,66.2,78,0,5.59
267,Narsaq,GL,2022-10-21 00:12:54,60.9167,-46.05,32.22,65,70,2.8
268,Sorland,NO,2022-10-21 00:12:54,67.667,12.6934,42.66,78,100,11.5
269,Kruisfontein,ZA,2022-10-21 00:12:55,-34.0033,24.7314,53.89,85,36,3.62
270,Sao Joao Da Barra,BR,2022-10-21 00:12:55,-21.6403,-41.0511,74.48,83,65,26.46
271,Tecoanapa,MX,2022-10-21 00:12:56,16.5167,-98.75,77.09,87,100,6.69
272,Praya,CV,2022-10-21 00:13:56,14.9215,-23.5087,77.92,80,3,7.07
273,Kawalu,ID,2022-10-21 00:13:56,-7.3817,108.2082,74.66,94,100,1.16
274,Bhigvan,IN,2022-10-21 00:13:57,18.3167,74.7667,74.23,82,87,7.02
275,Champerico,GT,2022-10-21 00:13:57,14.3,-91.9167,81.01,81,92,7.74
276,Motala,SE,2022-10-21 00:13:57,58.5371,15.0365,35.8,81,98,4.56
277,Poddorye,RU,2022-10-21 00:13:58,57.4695,31.1156,40.15,96,100,3.67
278,Tual,ID,2022-10-21 00:13:58,-5.6667,132.75,84.13,71,99,5.14
279,Glens Falls,US,2022-10-21 00:13:59,43.3095,-73.644,45.18,65,0,5.75
280,Sendafa,ET,2022-10-21 00:13:59,9.15,39.0333,47.46,67,70,3.65
281,Amazar,RU,2022-10-21 00:14:00,53.858,120.875,28.8,80,26,1.83
282,Monrovia,LR,2022-10-21 00:14:00,6.3005,-10.7969,76.17,85,61,3.33
283,Plettenberg Bay,ZA,2022-10-21 00:14:00,-34.0527,23.3716,59.11,78,81,3.13
284,Novikovo,RU,2022-10-21 00:14:01,51.1537,37.8879,42.4,73,87,14.2
285,Bryan,US,2022-10-21 00:09:21,30.6744,-96.37,76.89,33,0,5.75
286,Waddan,LY,2022-10-21 00:14:01,29.1614,16.139,65.77,65,35,6.4
287,Grindavik,IS,2022-10-21 00:14:02,63.8424,-22.4338,41.47,75,0,11.5
288,La Palma,US,2022-10-21 00:13:23,33.8464,-118.0467,91.9,36,20,13.8
289,Mbala,ZM,2022-10-21 00:14:02,-8.8402,31.3659,64.8,47,94,8.55
290,Ust-Ilimsk,RU,2022-10-21 00:14:03,58.0006,102.6619,31.84,81,100,4.29
291,Warangal,IN,2022-10-21 00:14:04,18.0,79.5833,71.1,91,5,1.9
292,Erdenet,MN,2022-10-21 00:14:05,49.0333,104.0833,26.35,92,100,4.32
293,Porto Velho,BR,2022-10-21 00:14:05,-8.7619,-63.9039,76.19,89,99,0.65
294,Kibangay,PH,2022-10-21 00:14:06,8.0497,124.8931,70.07,84,99,1.99
295,Phan Thiet,VN,2022-10-21 00:14:06,10.9333,108.1,77.61,83,90,4.54
296,Karaton,ID,2022-10-21 00:14:07,-6.3424,106.1045,76.03,90,100,4.45
297,Sambava,MG,2022-10-21 00:14:07,-14.2667,50.1667,66.7,88,16,8.48
298,Kolondieba,ML,2022-10-21 00:14:08,11.0882,-6.8926,78.78,54,91,3.4
299,Van,TR,2022-10-21 00:14:08,38.4924,43.3831,60.15,36,40,11.5
300,Akropong,GH,2022-10-21 00:14:08,5.9746,-0.0854,71.1,91,41,4.63
301,Rocha,UY,2022-10-21 00:13:27,-34.4833,-54.3333,58.68,93,100,4.32
302,Ahuimanu,US,2022-10-21 00:14:09,21.4447,-157.8378,83.91,61,40,10.36
303,Korla,CN,2022-10-21 00:14:10,41.7597,86.1469,47.05,40,11,2.62
304,Bandarbeyla,SO,2022-10-21 00:14:10,9.4942,50.8122,77.54,88,32,8.9
305,Klaksvik,FO,2022-10-21 00:14:10,62.2266,-6.589,49.12,86,100,25.03
306,Boa Vista,BR,2022-10-21 00:14:11,2.8197,-60.6733,81.27,69,91,3.8
307,Asadabad,IR,2022-10-21 00:14:11,34.7824,48.1185,56.98,27,98,5.75
308,Aliganj,IN,2022-10-21 00:14:12,27.5,79.1833,71.31,57,0,3.56
309,Shieli,KZ,2022-10-21 00:14:13,44.1667,66.75,49.17,38,100,6.91
310,Alcaudete,ES,2022-10-21 00:14:13,37.5909,-4.0824,70.16,59,100,1.34
311,Boden,SE,2022-10-21 00:14:13,65.8252,21.6886,39.2,92,100,4.85
312,Roma,US,2022-10-21 00:09:38,43.2128,-75.4557,46.54,53,75,8.05
313,Provideniya,RU,2022-10-21 00:12:26,64.3833,-173.3,35.71,100,100,11.18
314,Uvat,RU,2022-10-21 00:14:15,59.1433,68.8953,33.96,75,77,10.67
315,Nurota,UZ,2022-10-21 00:14:15,40.5614,65.6886,52.09,25,78,3.2
316,Olmos,PE,2022-10-21 00:14:16,-5.9847,-79.7453,62.91,66,91,5.08
317,America Dourada,BR,2022-10-21 00:15:16,-11.4553,-41.4361,74.23,47,2,9.73
318,Hualmay,PE,2022-10-21 00:15:16,-11.0964,-77.6139,61.57,80,16,10.04
319,Celestun,MX,2022-10-21 00:15:17,20.8667,-90.4,73.62,66,85,10.69
320,Marawi,PH,2022-10-21 00:15:17,7.9986,124.2928,73.63,87,99,0.6
321,San Ramon,US,2022-10-21 00:12:08,37.7799,-121.978,89.74,37,0,12.66
322,Rockport,US,2022-10-21 00:12:44,28.0206,-97.0544,73.45,88,0,10.36
323,Uetze,DE,2022-10-21 00:15:18,52.4651,10.2047,56.26,94,75,4.61
324,Enshi,CN,2022-10-21 00:15:19,30.3,109.4833,59.34,63,34,0.76
325,Kenora,CA,2022-10-21 00:11:47,49.8167,-94.4337,45.46,76,100,6.62
326,Marolambo,MG,2022-10-21 00:15:20,-20.05,48.1167,64.87,96,100,0.31
327,Grants,US,2022-10-21 00:15:21,35.1473,-107.8514,68.23,18,0,6.91
328,Kencong,ID,2022-10-21 00:15:21,-8.2833,113.3667,79.36,83,97,1.52
329,Caxito,AO,2022-10-21 00:15:22,-8.5785,13.6643,75.61,84,97,4.03
330,Bavtugay,RU,2022-10-21 00:15:22,43.16,46.83,55.33,90,69,7.87
331,Knysna,ZA,2022-10-21 00:15:23,-34.0363,23.0471,58.39,82,78,4.03
332,Cassilandia,BR,2022-10-21 00:15:24,-19.1133,-51.7342,79.0,53,100,3.56
333,Rohnert Park,US,2022-10-21 00:15:24,38.3396,-122.7011,89.67,45,0,3.0
334,Tsabong,BW,2022-10-21 00:15:25,-26.0217,22.401,72.48,36,11,8.86
335,Tandil,AR,2022-10-21 00:10:29,-37.3217,-59.1332,52.68,51,98,15.32
336,Kismayo,SO,2022-10-21 00:15:25,-0.3582,42.5454,76.66,83,64,14.16
337,Dunedin,NZ,2022-10-21 00:11:53,-45.8742,170.5036,47.8,68,91,11.01
338,Krasnyy Chikoy,RU,2022-10-21 00:15:26,50.3643,108.7512,26.53,94,58,2.42
339,Maniitsoq,GL,2022-10-21 00:15:26,65.4167,-52.9,32.99,49,100,7.31
340,Batagay,RU,2022-10-21 00:15:27,67.6333,134.6333,-0.8,98,73,1.86
341,Avera,US,2022-10-21 00:15:28,33.194,-82.5271,51.31,34,49,4.81
342,Bairiki,KI,2022-10-21 00:15:30,1.3292,172.9752,86.0,66,20,10.36
343,Thompson,CA,2022-10-21 00:13:09,55.7435,-97.8558,46.98,87,86,5.99
344,Nouakchott,MR,2022-10-21 00:15:34,18.0858,-15.9785,76.93,77,0,9.84
345,Darnah,LY,2022-10-21 00:15:34,32.767,22.6367,67.57,70,0,13.0
346,Sitka,US,2022-10-21 00:15:35,57.0531,-135.33,49.89,76,100,8.05
347,Langsa,ID,2022-10-21 00:15:35,4.4683,97.9683,75.52,95,99,1.36
348,Kaitangata,NZ,2022-10-21 00:15:35,-46.2817,169.8464,50.85,44,98,10.07
349,Mahajanga,MG,2022-10-21 00:15:36,-15.7167,46.3167,72.05,72,0,7.99
350,Borogontsy,RU,2022-10-21 00:15:36,62.6683,131.1683,9.66,97,100,3.58
351,Kalaleh,IR,2022-10-21 00:15:36,37.3807,55.4916,74.3,31,97,11.16
352,Pimentel,PE,2022-10-21 00:15:37,-6.8367,-79.9342,61.09,84,36,15.66
353,Flinders,AU,2022-10-21 00:15:37,-34.5833,150.8552,73.06,92,100,4.0
354,Torbay,CA,2022-10-21 00:15:31,47.6666,-52.7314,60.76,96,100,19.57
355,Aranos,NA,2022-10-21 00:15:38,-24.1333,19.1167,76.48,35,72,8.97
356,Banjar,ID,2022-10-21 00:15:38,-8.19,114.9675,84.07,72,82,1.34
357,Oktyabrskiy,RU,2022-10-21 00:15:39,54.4815,53.471,34.93,82,70,3.04
358,Miragoane,HT,2022-10-21 00:15:39,18.4423,-73.0876,80.62,77,8,4.74
359,Qaqortoq,GL,2022-10-21 00:15:40,60.7167,-46.0333,33.76,67,74,6.42
360,Nhulunbuy,AU,2022-10-21 00:15:40,-12.2333,136.7667,87.96,57,97,4.76
361,Khadyzhensk,RU,2022-10-21 00:15:40,44.4256,39.5319,45.63,73,58,8.37
362,Visby,SE,2022-10-21 00:12:58,57.6409,18.296,41.22,93,75,6.91
363,Pasni,PK,2022-10-21 00:15:41,25.2631,63.471,81.01,43,0,6.26
364,Namibe,AO,2022-10-21 00:15:41,-15.1961,12.1522,65.79,85,61,4.99
365,Cap Malheureux,MU,2022-10-21 00:15:42,-19.9842,57.6142,71.47,75,6,1.99
366,Linqiong,CN,2022-10-21 00:16:42,30.4159,103.4609,62.42,59,100,1.95
367,Bathsheba,BB,2022-10-21 00:16:42,13.2167,-59.5167,81.21,89,75,12.66
368,Biak,ID,2022-10-21 00:16:43,-0.9131,122.8766,81.99,70,96,2.21
369,Agbor,NG,2022-10-21 00:16:43,6.2518,6.1934,73.18,97,100,3.67
370,Nemuro,JP,2022-10-21 00:14:22,43.3236,145.575,55.24,66,16,9.22
371,Kloulklubed,PW,2022-10-21 00:16:44,7.0419,134.2556,81.1,76,100,0.83
372,Vila Franca Do Campo,PT,2022-10-21 00:16:44,37.7167,-25.4333,63.19,78,28,11.63
373,Chitrakonda,IN,2022-10-21 00:16:44,18.1167,82.0833,66.43,96,31,2.08
374,Dauphin,CA,2022-10-21 00:15:31,51.1494,-100.0502,55.54,58,100,9.22
375,Along,IN,2022-10-21 00:16:45,28.1667,94.7667,57.61,64,1,2.19
376,Waipawa,NZ,2022-10-21 00:16:45,-41.4122,175.5153,47.71,63,97,15.01
377,Lerwick,GB,2022-10-21 00:16:45,60.1545,-1.1494,51.8,77,100,22.19
378,Nouadhibou,MR,2022-10-21 00:16:46,20.931,-17.0347,71.58,73,0,17.27
379,Liusha,CN,2022-10-21 00:16:46,27.2098,108.59,59.36,86,88,0.87
380,Diego De Almagro,CL,2022-10-21 00:16:47,-26.3667,-70.05,61.97,29,0,3.58
381,San Francisco,US,2022-10-21 00:15:00,37.7749,-122.4194,91.31,75,20,20.71
382,Chapais,CA,2022-10-21 00:16:47,49.7834,-74.8492,31.78,78,99,10.94
383,Russell,US,2022-10-21 00:15:29,32.3502,-85.1999,56.8,76,0,0.0
384,Cururupu,BR,2022-10-21 00:16:47,-1.8283,-44.8683,75.49,91,63,3.44
385,Saint Anthony,US,2022-10-21 00:16:48,45.0205,-93.218,56.14,55,0,5.75
386,Kuytun,RU,2022-10-21 00:16:49,54.3419,101.5036,29.17,87,83,6.58
387,Mattru,SL,2022-10-21 00:16:49,7.6244,-11.8332,72.7,97,76,2.44
388,Saint-Georges,GD,2022-10-21 00:16:10,12.0564,-61.7485,80.28,83,20,5.75
389,Dingle,PH,2022-10-21 00:16:50,10.9995,122.6711,80.55,84,100,3.67
390,Nabire,ID,2022-10-21 00:16:50,-3.3667,135.4833,84.42,68,94,1.3
391,Chandler,US,2022-10-21 00:12:23,33.3062,-111.8412,91.04,22,0,3.44
392,Taoudenni,ML,2022-10-21 00:16:50,22.6783,-3.9836,83.01,14,8,18.32
393,Tarauaca,BR,2022-10-21 00:16:51,-8.1614,-70.7656,74.41,97,86,2.82
394,Kirensk,RU,2022-10-21 00:16:51,57.7853,108.1119,31.53,90,87,2.84
395,Dryden,CA,2022-10-21 00:15:31,49.7833,-92.7503,43.09,70,75,8.05
396,Altamont,US,2022-10-21 00:16:52,42.2068,-121.7372,77.9,19,0,5.75
397,Northam,GB,2022-10-21 00:16:52,51.0333,-4.2167,59.25,89,98,17.6
398,Golden,US,2022-10-21 00:12:27,39.7555,-105.2211,74.91,16,0,17.27
399,Liverpool,GB,2022-10-21 00:12:32,53.4106,-2.9779,54.14,95,33,4.61
400,Zhanaozen,KZ,2022-10-21 00:16:53,43.3,52.8,55.53,93,31,5.84
401,Nykoping,SE,2022-10-21 00:16:53,58.753,17.0079,34.09,100,82,0.0
402,Lagoa,PT,2022-10-21 00:16:53,39.05,-27.9833,64.63,71,11,17.36
403,Terme,TR,2022-10-21 00:16:54,41.2092,36.9739,55.33,68,100,9.46
404,Yaan,NG,2022-10-21 00:16:54,7.3833,8.5667,74.07,91,100,4.88
405,Ajdabiya,LY,2022-10-21 00:16:54,30.7554,20.2263,68.41,64,0,8.08
406,Ankang,CN,2022-10-21 00:12:15,32.68,109.0172,58.3,70,0,0.96
407,Balgazyn,RU,2022-10-21 00:16:55,51.0,95.2,31.3,55,77,3.04
408,Luena,AO,2022-10-21 00:16:55,-11.7833,19.9167,65.82,60,91,4.23
409,Goderich,CA,2022-10-21 00:15:31,43.7501,-81.7165,45.91,81,100,13.8
410,Tulagi,SB,2022-10-21 00:16:56,-9.0996,160.1476,83.41,72,49,6.06
411,Gazanjyk,TM,2022-10-21 00:16:56,39.2446,55.5154,72.28,27,100,3.53
412,Dickinson,US,2022-10-21 00:15:50,29.4608,-95.0513,78.1,52,0,9.22
413,Constantine,DZ,2022-10-21 00:17:57,36.365,6.6147,60.21,47,0,2.3
414,Zwedru,LR,2022-10-21 00:17:57,6.0667,-8.1281,71.01,99,98,2.75
415,Comodoro Rivadavia,AR,2022-10-21 00:17:57,-45.8667,-67.5,48.06,76,20,6.91
416,Jalu,LY,2022-10-21 00:17:58,29.0331,21.5482,70.16,54,58,3.67
417,Grand Gaube,MU,2022-10-21 00:17:58,-20.0064,57.6608,71.38,76,8,3.0
418,Zhaodong,CN,2022-10-21 00:17:59,46.0833,125.9833,54.45,63,92,14.47
419,Isiro,CD,2022-10-21 00:17:59,2.7739,27.616,67.15,99,100,0.85
420,Gillette,US,2022-10-21 00:15:39,44.2911,-105.5022,68.95,15,0,8.05
421,Takoradi,GH,2022-10-21 00:18:00,4.8845,-1.7554,76.82,89,50,6.22
422,Mount Gambier,AU,2022-10-21 00:18:00,-37.8333,140.7667,70.95,59,93,4.43
423,Sergeyevka,KZ,2022-10-21 00:18:00,53.88,67.4158,42.62,92,100,4.79
424,Nacala,MZ,2022-10-21 00:18:01,-14.5428,40.6728,71.69,89,52,3.0
425,Werdau,DE,2022-10-21 00:18:02,50.7333,12.3833,54.68,64,100,1.01
426,Hope,US,2022-10-21 00:15:26,33.6671,-93.5916,69.85,50,28,4.36
427,Synya,RU,2022-10-21 00:18:03,65.3718,58.0387,30.58,98,100,4.56
428,Okhotsk,RU,2022-10-21 00:18:04,59.3833,143.3,23.83,50,50,13.82
429,Bumba,CD,2022-10-21 00:18:04,2.1833,22.4667,70.83,95,83,3.8
430,Buala,SB,2022-10-21 00:18:05,-8.145,159.5921,85.89,69,96,6.11
431,Sistranda,NO,2022-10-21 00:18:06,63.7256,8.834,40.96,73,56,8.66
432,Bengkulu,ID,2022-10-21 00:18:06,-3.8004,102.2655,74.8,93,100,4.36
433,Beringovskiy,RU,2022-10-21 00:18:06,63.05,179.3167,37.87,81,80,1.59
434,Togur,RU,2022-10-21 00:18:07,58.3631,82.8265,38.32,93,100,6.87
435,Gewane,ET,2022-10-21 00:18:07,10.1664,40.6453,78.98,42,1,3.83
436,Lundazi,ZM,2022-10-21 00:18:08,-12.2929,33.1782,68.61,45,67,9.35
437,Wajima,JP,2022-10-21 00:18:08,37.4,136.9,63.28,63,40,3.44
438,Coos Bay,US,2022-10-21 00:18:09,43.3665,-124.2179,71.31,92,40,12.66
439,Teluk Nibung,ID,2022-10-21 00:18:09,3.001,99.8164,77.76,87,62,2.53
440,Amapa,BR,2022-10-21 00:13:24,1.0,-52.0,73.69,93,81,3.42
441,Ananas,HT,2022-10-21 00:18:10,19.2466,-71.9557,73.09,85,82,4.45
442,Sudogda,RU,2022-10-21 00:18:10,55.9539,40.8629,31.21,94,7,4.43
443,Maiduguri,NG,2022-10-21 00:16:48,11.8464,13.1603,80.01,26,70,7.07
444,Shingu,JP,2022-10-21 00:18:11,33.7333,135.9833,66.69,57,2,0.92
445,Usinsk,RU,2022-10-21 00:18:12,65.9939,57.5281,31.01,98,100,11.72
446,San Cristobal,VE,2022-10-21 00:18:12,7.7669,-72.225,69.98,90,98,1.92
447,Kisangani,CD,2022-10-21 00:18:13,0.5167,25.2,69.26,98,87,1.19
448,Padilla,CO,2022-10-21 00:18:13,3.2204,-76.3139,71.17,93,97,2.3
449,Mount Isa,AU,2022-10-21 00:18:14,-20.7333,139.5,82.0,32,0,8.1
450,Huangzhai,CN,2022-10-21 00:18:14,38.0751,112.6595,43.21,48,45,1.52
451,Babusnica,RS,2022-10-21 00:18:15,43.0597,22.4117,41.59,100,0,3.04
452,Faya,SA,2022-10-21 00:18:15,18.3851,42.4509,59.11,66,0,2.62
453,Byron Bay,AU,2022-10-21 00:18:16,-28.65,153.6167,73.71,87,82,15.73
454,Mananjary,MG,2022-10-21 00:18:17,-21.2167,48.3333,70.75,84,75,4.88
455,Tiznit,MA,2022-10-21 00:18:17,29.5833,-9.5,76.82,27,6,4.88
456,Manicore,BR,2022-10-21 00:18:18,-5.8092,-61.3003,77.85,87,99,1.9
457,Naze,JP,2022-10-21 00:18:18,28.3667,129.4833,79.72,72,74,18.81
458,Igarka,RU,2022-10-21 00:18:19,67.4667,86.5833,33.37,98,100,16.73
459,Shymkent,KZ,2022-10-21 00:18:19,42.3,69.6,48.85,37,78,2.19
460,Lira,UG,2022-10-21 00:18:20,2.235,32.9097,66.13,91,100,1.77
461,Pogar,RU,2022-10-21 00:19:21,52.554,33.2591,33.4,90,31,6.69
462,Luang Prabang,LA,2022-10-21 00:19:21,19.8856,102.1347,69.76,88,75,0.0
463,Guarapuava,BR,2022-10-21 00:19:22,-25.3953,-51.4581,58.32,100,100,2.66
464,Brae,GB,2022-10-21 00:19:22,60.3964,-1.353,49.39,77,100,18.01
465,Muroto,JP,2022-10-21 00:19:22,33.2833,134.15,68.67,58,5,3.18
466,Nanortalik,GL,2022-10-21 00:19:23,60.1432,-45.2371,37.67,71,64,8.03
467,Nago,JP,2022-10-21 00:19:23,26.5881,127.9761,82.83,78,74,19.53
468,Grado,ES,2022-10-21 00:19:24,43.388,-6.0743,60.24,63,0,5.75
469,Quang Ngai,VN,2022-10-21 00:19:24,15.1167,108.8,74.52,87,88,5.32
470,Umea,SE,2022-10-21 00:19:24,63.8284,20.2597,36.91,93,0,0.0
471,Maceio,BR,2022-10-21 00:19:25,-9.6658,-35.7353,75.9,73,8,8.01
472,Kirakira,SB,2022-10-21 00:19:26,-10.4544,161.9205,83.88,76,80,8.12
473,Chipinge,ZW,2022-10-21 00:19:27,-20.1883,32.6236,58.41,88,2,4.83
474,Tarancon,ES,2022-10-21 00:17:54,40.0085,-3.0073,60.12,73,100,15.88
475,Ordynskoye,RU,2022-10-21 00:19:28,54.3656,81.8994,38.98,92,90,5.82
476,Kutahya,TR,2022-10-21 00:19:00,39.4242,29.9833,45.09,87,53,6.13
477,Bouca,CF,2022-10-21 00:19:28,6.5105,18.2733,70.09,96,100,3.65
478,Hailar,CN,2022-10-21 00:19:29,49.2,119.7,34.68,96,100,12.46
479,Nuuk,GL,2022-10-21 00:19:29,64.1835,-51.7216,30.81,74,100,4.32
480,Giyani,ZA,2022-10-21 00:19:30,-23.3025,30.7187,71.94,45,0,1.72
481,Streator,US,2022-10-21 00:19:30,41.1209,-88.8354,57.56,60,12,6.04
482,Itarema,BR,2022-10-21 00:15:24,-2.9248,-39.9167,78.71,82,35,14.76
483,Miri,MY,2022-10-21 00:19:31,4.4148,114.0089,78.94,89,40,3.44
484,Riachao Das Neves,BR,2022-10-21 00:19:32,-11.7461,-44.91,77.99,33,12,2.59
485,Zhuhai,CN,2022-10-21 00:18:13,22.2769,113.5678,76.86,78,0,8.05
486,Te Anau,NZ,2022-10-21 00:19:32,-45.4167,167.7167,47.91,54,67,2.84
487,Palafrugell,ES,2022-10-21 00:19:32,41.9174,3.1631,70.47,57,100,8.19
488,Jiazi,CN,2022-10-21 00:19:33,22.8779,116.067,71.56,66,96,14.25
489,Ambovombe,MG,2022-10-21 00:19:33,-25.1667,46.0833,67.8,85,0,6.6
490,Trairi,BR,2022-10-21 00:19:20,-3.2778,-39.2689,78.76,81,58,11.34
491,Mwinilunga,ZM,2022-10-21 00:19:34,-11.7358,24.4293,69.51,38,99,2.28
492,Ottawa,CA,2022-10-21 00:19:34,45.4112,-75.6981,43.88,80,100,12.66
493,Tokur,RU,2022-10-21 00:19:34,53.1333,132.9,26.01,58,3,1.19
494,Kununurra,AU,2022-10-21 00:18:43,-15.7667,128.7333,94.66,34,76,4.05
495,Serdobsk,RU,2022-10-21 00:19:35,52.4586,44.2169,40.24,78,98,10.87
496,Novo Aripuana,BR,2022-10-21 00:19:35,-5.1206,-60.3797,78.44,84,92,2.42
497,Magdalena,PH,2022-10-21 00:19:36,14.1999,121.429,79.47,89,93,3.4
498,Bintulu,MY,2022-10-21 00:19:36,3.1667,113.0333,75.61,100,40,2.3
499,Grootfontein,NA,2022-10-21 00:19:37,-19.5667,18.1167,63.97,59,28,2.3
500,Chamba,IN,2022-10-21 00:19:37,32.5667,76.1333,56.66,52,0,10.11
501,Mahon,ES,2022-10-21 00:19:37,39.8885,4.2658,72.16,94,0,8.05
502,Lodja,CD,2022-10-21 00:19:37,-3.4833,23.4333,66.16,99,92,1.7
503,Hessisch Lichtenau,DE,2022-10-21 00:19:38,51.2,9.7167,54.52,97,87,4.7
504,Salinopolis,BR,2022-10-21 00:20:38,-0.6136,-47.3561,80.83,78,35,12.08
505,Orlik,RU,2022-10-21 00:20:39,52.5178,99.825,17.65,73,76,3.98
506,Barcelos,PT,2022-10-21 00:20:39,41.5388,-8.6151,62.85,89,49,9.93
507,De Aar,ZA,2022-10-21 00:20:40,-30.6497,24.0123,69.96,44,66,5.35
508,Mangai,CD,2022-10-21 00:20:40,-4.05,19.5333,67.86,100,99,0.6
509,Bay Roberts,CA,2022-10-21 00:20:40,47.5999,-53.2648,63.05,95,100,5.01
510,Conversion,PH,2022-10-21 00:20:41,15.8984,121.1277,74.19,94,100,3.13
511,Phangnga,TH,2022-10-21 00:20:41,8.4509,98.5298,75.24,94,99,0.78
512,Raudeberg,NO,2022-10-21 00:20:42,61.9875,5.1352,34.47,57,4,9.57
513,Teya,RU,2022-10-21 00:20:42,60.3778,92.6267,33.46,88,100,4.25
514,Lebu,CL,2022-10-21 00:20:43,-37.6167,-73.65,51.1,90,100,13.18
515,Vao,NC,2022-10-21 00:20:43,-22.6667,167.4833,71.46,67,99,21.43
516,Sinnamary,GF,2022-10-21 00:20:44,5.3833,-52.95,79.36,83,100,8.41
517,Port Hardy,CA,2022-10-21 00:20:44,50.6996,-127.4199,53.78,66,75,6.91
518,Sokoni,TZ,2022-10-21 00:20:45,-6.4333,39.55,75.47,76,99,12.5
519,Loandjili,CG,2022-10-21 00:20:45,-4.7561,11.8578,78.91,83,75,8.05
520,Elko,US,2022-10-21 00:20:45,41.0002,-115.5012,71.74,11,3,11.99
521,Havelock,US,2022-10-21 00:20:46,34.8791,-76.9013,59.95,84,0,3.44
522,Shimanovsk,RU,2022-10-21 00:20:46,52.0,127.7,31.93,59,93,7.63
523,Olafsvik,IS,2022-10-21 00:20:47,64.8945,-23.7142,40.71,79,64,21.5
524,Deputatskiy,RU,2022-10-21 00:20:47,69.3,139.9,-2.72,96,89,7.29
525,Yunyang,CN,2022-10-21 00:20:48,33.4474,112.7142,60.04,37,2,2.75
526,Luganville,VU,2022-10-21 00:20:48,-15.5333,167.1667,81.55,78,99,10.92
527,Lorengau,PG,2022-10-21 00:20:48,-2.0226,147.2712,85.73,65,72,6.02
528,Macusani,PE,2022-10-21 00:20:49,-14.0833,-70.4333,40.62,83,89,5.97
529,Jutai,BR,2022-10-21 00:20:50,-5.1833,-68.9,75.7,91,81,0.98
530,Ambositra,MG,2022-10-21 00:20:50,-20.5167,47.25,57.25,93,100,3.49
531,Mayo,US,2022-10-21 00:20:50,38.8876,-76.5119,56.12,67,0,0.0
532,Xiamen,CN,2022-10-21 00:17:21,24.4798,118.0819,74.25,56,0,4.47
533,Sobradinho,BR,2022-10-21 00:20:51,-12.8333,-39.1,69.28,91,15,3.09
534,Acapulco,MX,2022-10-21 00:20:51,16.8634,-99.8901,78.62,78,100,3.44
535,Machali,CL,2022-10-21 00:20:52,-34.1833,-70.6667,60.3,41,4,2.55
536,Shiraz,IR,2022-10-21 00:20:52,29.6036,52.5388,54.84,35,0,0.0
537,Tera,NE,2022-10-21 00:20:53,14.0078,0.7531,85.21,15,44,5.99
538,Honiara,SB,2022-10-21 00:20:53,-9.4333,159.95,86.85,68,72,6.76
539,Piacabucu,BR,2022-10-21 00:20:54,-10.4056,-36.4344,74.01,74,3,7.14
540,Manhattan,US,2022-10-21 00:20:54,40.7834,-73.9662,57.6,53,0,9.22
541,Henties Bay,NA,2022-10-21 00:20:55,-22.116,14.2845,57.65,92,76,5.66
542,Paamiut,GL,2022-10-21 00:20:55,61.994,-49.6678,36.3,65,87,11.7
543,Bonthe,SL,2022-10-21 00:20:55,7.5264,-12.505,77.23,85,79,3.38
